{"B": [46.879629629629626, 21.412037037037038, 0.08333333333333333, 0.0]}
{"PE": [10.66820987654321, 4.932098765432099, 0.007716049382716049, 0.0]}
{"B": [46.879629629629626, 21.412037037037038, 0.08333333333333333, 0.0]}
{"PE": [10.66820987654321, 4.932098765432099, 0.007716049382716049, 0.0]}
{"B": [46.879629629629626, 21.412037037037038, 0.08333333333333333, 0.0]}
{"PE": [10.66820987654321, 4.932098765432099, 0.007716049382716049, 0.0]}
{"B": [46.879629629629626, 21.412037037037038, 0.08333333333333333, 0.0]}
{"PE": [10.66820987654321, 4.932098765432099, 0.007716049382716049, 0.0]}
{"B": [46.879629629629626, 21.412037037037038, 0.08333333333333333, 0.0]}
{"PE": [10.66820987654321, 4.932098765432099, 0.007716049382716049, 0.0]}
