{"B": [46.879629629629626, 21.412037037037038, 0.08333333333333333, 0.0]}
{"PE": [10.66820987654321, 4.932098765432099, 0.007716049382716049, 0.0]}
{"B": [46.879629629629626, 21.412037037037038, 0.08333333333333333, 0.0]}
{"PE": [10.66820987654321, 4.932098765432099, 0.007716049382716049, 0.0]}
{"B": [46.879629629629626, 21.412037037037038, 0.08333333333333333, 0.0]}
{"PE": [10.66820987654321, 4.932098765432099, 0.007716049382716049, 0.0]}
{"B": [46.879629629629626, 21.412037037037038, 0.08333333333333333, 0.0]}
{"PE": [10.66820987654321, 4.932098765432099, 0.007716049382716049, 0.0]}
{"B": [46.879629629629626, 21.412037037037038, 0.08333333333333333, 0.0]}
{"PE": [10.66820987654321, 4.932098765432099, 0.007716049382716049, 0.0]}
{"B": [1.786899809989142, 15.986970684039088, 92.68078175895765, 0.0]}
{"PE": [1.786899809989142, 15.986970684039088, 92.68078175895765, 0.0]}
{"SBOW": [1.786899809989142, 15.986970684039088, 92.68078175895765, 0.9084078711985689]}
{"DBOW": [1.786899809989142, 15.986970684039088, 92.68078175895765, 0.11167697344488905]}
{"NWBOW": [1.786899809989142, 15.986970684039088, 92.68078175895765, 0.05794667226537896]}
{"NWD": [1.786899809989142, 15.986970684039088, 92.68078175895765, 0.0]}
