{"B": ["Avg STD", 2.2966507177033493]}
{"PE": ["Avg STD", 2.3444976076555024]}
{"SBOW": ["Avg STD", 3.5526315789473686]}
{"DBOW": ["Avg STD", 6.471291866028708]}
{"NWD": ["Avg STD", 5.490430622009569]}
{"NWBOW": ["Avg STD", 5.956937799043062]}
{"B": ["Avg SQ", 80.25507246376812]}
{"PE": ["Avg SQ", 81.18192918192918]}
{"SBOW": ["Avg SQ", 77.46735751295337]}
{"DBOW": ["Avg SQ", 68.50671140939598]}
{"NWD": ["Avg SQ", 61.758893280632414]}
{"NWBOW": ["Avg SQ", 73.99876084262701]}
{"B": [4.738776594650206, 21.412037037037038, 94.14660493827161]}
{"PE": [1.101664531893004, 4.932098765432099, 13.358024691358025]}
{"SBOW": [1.7898406378600824, 6.0092592592592595, 33.99074074074074]}
{"DBOW": [3.9208554353426073, 17.216383307573416, 86.98145285935085]}
{"NWBOW": [2.1982777777777778, 17.395061728395063, 99.62345679012346]}
{"NWD": [1.7862921840958605, 16.029411764705884, 92.81372549019608]}
{"B": [0.0]}
{"PE": [0.0]}
{"SBOW": [0.9084078711985689]}
{"DBOW": [0.11167697344488905]}
{"NWBOW": [0.05794667226537896]}
{"NWD": [0.043209876543209874]}
